Раздел,Ссылка на раздел,Имя категории,Ссылка на категорию,Ссылка на изображение,Название продукта,Ссылка на изображение продукта,Артикуль,Код,Производитель,Доступность,Цена
КамАЗ,/catalog/kamaz,Автолампа,/catalog/kamaz/avtolampa,https://sxstatic.ru/keywords/avtolampa/avtolampajpg,Лампа КАМАЗ передняя габаритная (ПАО НЕФАЗ),https://sxstatic.ru/main/img/good/s/photosession.jpg, 10008604, 000931843,Камаз,нет в наличии,
КамАЗ,/catalog/kamaz,Агрегат,/catalog/kamaz/agregat,https://sxstatic.ru/keywords/agregat/agregat.jpg,Агрегат силовой Камаз 6520 320 л.с. (ПАО Камаз),https://sxstatic.ru/main/img/good/s/photosession.jpg, 740.51-1000301-24, 000207335,Камаз,нет в наличии,
КамАЗ,/catalog/kamaz,Агрегат,/catalog/kamaz/agregat,https://sxstatic.ru/keywords/agregat/agregat.jpg,Агрегат силовой Камаз-6520 с КПП ZF 360 л.с. (ПАО Камаз),https://sxstatic.ru/main/img/good/s/photosession.jpg, 740.50-1000300-42, 000057823,Камаз,нет в наличии,
КамАЗ,/catalog/kamaz,Агрегат,/catalog/kamaz/agregat,https://sxstatic.ru/keywords/agregat/agregat.jpg,Агрегат силовой Камаз с КПП-152 (240 л.с.) (ПАО Камаз),https://sxstatic.ru/main/img/good/s/photosession.jpg, 740.31-1000300-52, 000057822,Камаз,нет в наличии,
КамАЗ,/catalog/kamaz,Агрегат,/catalog/kamaz/agregat,https://sxstatic.ru/keywords/agregat/agregat.jpg,Агрегат силовой Камаз 260 л.с. (ПАО Камаз),https://sxstatic.ru/main/img/good/s/photosession.jpg, 43118-1000261-51, В00009194,Камаз,нет в наличии,
КамАЗ,/catalog/kamaz,Агрегат,/catalog/kamaz/agregat,https://sxstatic.ru/keywords/agregat/agregat.jpg,Агрегат силовой Камаз 260 л.с. (ПАО Камаз),https://sxstatic.ru/main/img/good/s/photosession.jpg, 740.30-1000301-85, В00009200,Камаз,нет в наличии,
КамАЗ,/catalog/kamaz,Агрегат,/catalog/kamaz/agregat,https://sxstatic.ru/keywords/agregat/agregat.jpg,"Агрегат силовой Камаз-53215, 54115 с КПП 240 л.с. (ПАО Камаз)",https://sxstatic.ru/main/img/good/s/photosession.jpg, 740.11-1000312, Ю00007233,Камаз,нет в наличии,
КамАЗ,/catalog/kamaz,Агрегат,/catalog/kamaz/agregat,https://sxstatic.ru/keywords/agregat/agregat.jpg,Агрегат силовой Камаз-6520 (320 л.с.) (ПАО Камаз),https://sxstatic.ru/main/img/good/s/photosession.jpg, 740.51-1000300-01, В00009988,Камаз,нет в наличии,
КамАЗ,/catalog/kamaz,Агрегат,/catalog/kamaz/agregat,https://sxstatic.ru/keywords/agregat/agregat.jpg,Агрегат силовой Камаз 260 л.с. (ПАО Камаз),https://sxstatic.ru/main/img/good/s/photosession.jpg, 740.30-1000302-76, В00009012,Камаз,нет в наличии,
КамАЗ,/catalog/kamaz,Агрегат,/catalog/kamaz/agregat,https://sxstatic.ru/keywords/agregat/agregat.jpg,"Агрегат силовой Камаз-54112, 53212 (210 л.с.) с коробкой переключения передач (КПП) 152 (ПАО Камаз)",https://sxstatic.ru/main/img/good/s/photosession.jpg, 740-1000300, 000023052,Камаз,нет в наличии,
КамАЗ,/catalog/kamaz,Агрегат,/catalog/kamaz/agregat,https://sxstatic.ru/keywords/agregat/agregat.jpg,"Агрегат силовой Камаз-55111, 210 л.с. (ПАО Камаз)",https://sxstatic.ru/main/img/good/s/photosession.jpg, 740-1000311, В00001070,Камаз,нет в наличии,
КамАЗ,/catalog/kamaz,Агрегат,/catalog/kamaz/agregat,https://sxstatic.ru/keywords/agregat/agregat.jpg,Агрегат силовой Камаз (ПАО Камаз),https://sxstatic.ru/main/img/good/s/photosession.jpg, 740-1000310, В00009048,Камаз,нет в наличии,
КамАЗ,/catalog/kamaz,Агрегат,/catalog/kamaz/agregat,https://sxstatic.ru/keywords/agregat/agregat.jpg,Агрегат насосный в сборе ПЖД30,https://sxstatic.ru/images/s/000015559/000015559_1-116.jpg, ПЖД30-1015200-03, 000015559,ШААЗ,нет в наличии,
КамАЗ,/catalog/kamaz,Адаптер,/catalog/kamaz/adapter,https://sxstatic.ru/keywords/adapter/adapter.jpg,Адаптер USB сб. 2135 (Адверс),https://sxstatic.ru/main/img/good/s/photosession.jpg, сб.-2135, 000196870,Адверс,нет в наличии,
КамАЗ,/catalog/kamaz,Аккумулятор,/catalog/kamaz/akkumulyator,https://sxstatic.ru/keywords/akkumulyator/akkumuljator.jpg,"Аккумулятор 6СТ190N прямая полярность, болтовые клеммы Курский аккумулятор (ИСТОК+ г.Курск)",https://sxstatic.ru/images/s/V00000312/V00000312_1-116.jpg, 6СТ190-3703010, В00000312,ИСточник ТОка Курский,8 шт,13 551
КамАЗ,/catalog/kamaz,Аккумулятор,/catalog/kamaz/akkumulyator,https://sxstatic.ru/keywords/akkumulyator/akkumuljator.jpg,"Аккумулятор 6СТ190 (4) прямая полярность, конусные клеммы UNO (ИСТОК+ г.Курск)",https://sxstatic.ru/images/s/000046591/000046591_1-116.jpg, 6СТ190-3703010, 000046591,ИСточник ТОка Курский,7 шт,13 551
КамАЗ,/catalog/kamaz,Аккумулятор,/catalog/kamaz/akkumulyator,https://sxstatic.ru/keywords/akkumulyator/akkumuljator.jpg,"Аккумулятор 6СТ190N прямая полярность, болтовые клеммы FIRE BALL (ИСТОК+ г.Курск)",https://sxstatic.ru/images/s/001008464/001008464_1-116.jpg, 6СТ190-3703010, 001008464,ИСточник ТОка Курский,нет в наличии,
КамАЗ,/catalog/kamaz,Аккумулятор,/catalog/kamaz/akkumulyator,https://sxstatic.ru/keywords/akkumulyator/akkumuljator.jpg,"Аккумулятор 6СТ190 (4) прямая полярность, болтовые клеммы UNO (ИСТОК+ г.Курск)",https://sxstatic.ru/images/s/000425556/000425556_1-116.jpg, 6СТ190-3703010, 000425556,ИСточник ТОка Курский,нет в наличии,
КамАЗ,/catalog/kamaz,Аксессуары,/catalog/kamaz/aksessuaryy,https://sxstatic.ru/keywords/aksessuaryy/aksessuary.jpg,Знак Kamaz передний (Камаз) (НУРСЕРВИС),https://sxstatic.ru/main/img/good/s/photosession.jpg, 53205-8212060, В00006005,Камаз,нет в наличии,
КамАЗ,/catalog/kamaz,Амортизатор,/catalog/kamaz/amortizator,https://sxstatic.ru/keywords/amortizator/amortizatorjpg,Амортизатор задней подвески Камаз (НПО РОСТАР),https://sxstatic.ru/images/s/001286621/001286621_1-116.jpg, 180-2915006-31, 001286621,Rostar,104 шт,4 773
КамАЗ,/catalog/kamaz,Амортизатор,/catalog/kamaz/amortizator,https://sxstatic.ru/keywords/amortizator/amortizatorjpg,Амортизатор платформы КАМАЗ,https://sxstatic.ru/images/s/000009287/000009287_1-116.jpg, 5511-8601144, 000009287,Rostar,59 шт,652
КамАЗ,/catalog/kamaz,Амортизатор,/catalog/kamaz/amortizator,https://sxstatic.ru/keywords/amortizator/amortizatorjpg,Амортизатор 300/485 Камаз (ОАО Белкард),https://sxstatic.ru/images/s/000005004/000005004_1-116.jpg, 4310-2905006-01, 000005004,Белкард,44 шт,6 135
КамАЗ,/catalog/kamaz,Амортизатор,/catalog/kamaz/amortizator,https://sxstatic.ru/keywords/amortizator/amortizatorjpg,"Амортизатор 325/500 МАЗ, Камаз пластиковый корпус",https://sxstatic.ru/images/s/V00004016/V00004016_1-116.jpg, 15-2905006, В00004016,Zhejiang Changjin Shock Absorber,39 шт,2 990
КамАЗ,/catalog/kamaz,Амортизатор,/catalog/kamaz/amortizator,https://sxstatic.ru/keywords/amortizator/amortizatorjpg,"Амортизатор передней подвески Камаз, ПАЗ 275/460 металлический кожух",https://sxstatic.ru/images/s/V00004015/V00004015_1-116.jpg, 53212-2905006-01, В00004015,Zhejiang Changjin Shock Absorber,38 шт,2 390
КамАЗ,/catalog/kamaz,Амортизатор,/catalog/kamaz/amortizator,https://sxstatic.ru/keywords/amortizator/amortizatorjpg,"Амортизатор 275/460 Камаз, ПАЗ пластиковый корпус (ОАО Белкард)",https://sxstatic.ru/images/s/000001086/000001086_1-116.jpg, 53212-2905006-02, 000001086,Белкард,35 шт,3 975
КамАЗ,/catalog/kamaz,Амортизатор,/catalog/kamaz/amortizator,https://sxstatic.ru/keywords/amortizator/amortizatorjpg,Амортизатор платформы малый КАМАЗ-55102,https://sxstatic.ru/images/s/000022521/000022521_1-116.jpg, 55102-8501300, 000022521,Чайковский завод РТД,34 шт,518
КамАЗ,/catalog/kamaz,Амортизатор,/catalog/kamaz/amortizator,https://sxstatic.ru/keywords/amortizator/amortizatorjpg,Амортизатор кабины Камаз 11-2905005-53 (ОАО Белкард),https://sxstatic.ru/images/s/000004629/000004629_1-116.jpg, 20-5001010, 000004629,Белкард,33 шт,1 850
КамАЗ,/catalog/kamaz,Амортизатор,/catalog/kamaz/amortizator,https://sxstatic.ru/keywords/amortizator/amortizatorjpg,"Амортизатор 300/475 МАЗ, Камаз, УРАЛ (пластиковый корпус)",https://sxstatic.ru/images/s/V00004017/V00004017_1-116.jpg, 15-2905006, В00004017,Zhejiang Changjin Shock Absorber,29 шт,2 990
КамАЗ,/catalog/kamaz,Амортизатор,/catalog/kamaz/amortizator,https://sxstatic.ru/keywords/amortizator/amortizatorjpg,"Амортизатор подвески Камаз, ПАЗ 275/460 гидравлический (полимерный кожух) (БААЗ)",https://sxstatic.ru/images/s/000032211/000032211_1-116.jpg, А1-275/460-2905006-01, 000032211,БААЗ,27 шт,4 895
КамАЗ,/catalog/kamaz,Амортизатор,/catalog/kamaz/amortizator,https://sxstatic.ru/keywords/amortizator/amortizatorjpg,"Амортизатор 300/475 МАЗ, КамАЗ, УРАЛ (ООО ПААЗ)",https://sxstatic.ru/images/s/000032202/000032202_1-116.jpg, 50.5-2905005, 000032202,Первоуральский автоагрегатный завод,25 шт,4 390
КамАЗ,/catalog/kamaz,Амортизатор,/catalog/kamaz/amortizator,https://sxstatic.ru/keywords/amortizator/amortizatorjpg,"Амортизатор 325/500 МАЗ, КамАЗ (ООО ПААЗ)",https://sxstatic.ru/images/s/000032196/000032196_1-116.jpg, 50.2-2905005, 000032196,Первоуральский автоагрегатный завод,25 шт,4 510
КамАЗ,/catalog/kamaz,Амортизатор,/catalog/kamaz/amortizator,https://sxstatic.ru/keywords/amortizator/amortizatorjpg,"Амортизатор подвески МАЗ, ЛиАЗ, НЕМАН 230/450 гидравлический (БААЗ)",https://sxstatic.ru/images/s/000043983/000043983_1-116.jpg, А2-230/450-2905006, 000043983,БААЗ,20 шт,6 550
КамАЗ,/catalog/kamaz,Амортизатор,/catalog/kamaz/amortizator,https://sxstatic.ru/keywords/amortizator/amortizatorjpg,"Амортизатор передней подвески МАЗ, Камаз 325/500-2905006/A11037O7 стальной кожух (FENOX)",https://sxstatic.ru/main/img/good/s/photosession.jpg, FENOX-A11037O7, 001003875,FENOX,9 шт,3 060
КамАЗ,/catalog/kamaz,Амортизатор,/catalog/kamaz/amortizator,https://sxstatic.ru/keywords/amortizator/amortizatorjpg,Амортизатор сиденья Камаз (ОАО Белкард),https://sxstatic.ru/images/s/000012601/000012601_1-116.jpg, 11-6809010, 000012601,Белкард,9 шт,1 495
КамАЗ,/catalog/kamaz,Амортизатор,/catalog/kamaz/amortizator,https://sxstatic.ru/keywords/amortizator/amortizatorjpg,Амортизатор сиденья МАЗ (ОАО Белкард),https://sxstatic.ru/images/s/000009919/000009919_1-116.jpg, 11-6809010, 000009919,Белкард,8 шт,1 495
КамАЗ,/catalog/kamaz,Амортизатор,/catalog/kamaz/amortizator,https://sxstatic.ru/keywords/amortizator/amortizatorjpg,Амортизатор кабины Камаз 11.2905005-53 (ОАО Белкард),https://sxstatic.ru/images/s/000004543/000004543_1-116.jpg, 5320-5001076, 000004543,Белкард,7 шт,1 835
КамАЗ,/catalog/kamaz,Амортизатор,/catalog/kamaz/amortizator,https://sxstatic.ru/keywords/amortizator/amortizatorjpg,Амортизатор подвески Камаз-4308 275/450 гидравлический (БААЗ),https://sxstatic.ru/images/s/000042304/000042304_1-116.jpg, А1-275/450-2905006-01, 000042304,БААЗ,3 шт,4 890
КамАЗ,/catalog/kamaz,Амортизатор,/catalog/kamaz/amortizator,https://sxstatic.ru/keywords/amortizator/amortizatorjpg,"Амортизатор 275/460 Камаз, ПАЗ металлический корпус (ОАО Белкард)",https://sxstatic.ru/images/s/000059042/000059042_1-116.jpg, 53212-2905006-01, 000059042,Белкард,2 шт,6 025
КамАЗ,/catalog/kamaz,Амортизатор,/catalog/kamaz/amortizator,https://sxstatic.ru/keywords/amortizator/amortizatorjpg,Амортизатор крепления трубок КАМАЗ 6.5х13х22  (ОАО Балаковорезинотехника),https://sxstatic.ru/main/img/good/s/photosession.jpg, 740-1022860, 000056167,БРТ,нет в наличии,
КамАЗ,/catalog/kamaz,Амортизатор,/catalog/kamaz/amortizator,https://sxstatic.ru/keywords/amortizator/amortizatorjpg,Амортизатор (пневмобаллон) сиденья КАМАЗ 1189933/125908 (Grammer),https://sxstatic.ru/images/s/001030880/001030880_1-116.jpg, 1189933, 001030880,Grammer,нет в наличии,
КамАЗ,/catalog/kamaz,Амортизатор,/catalog/kamaz/amortizator,https://sxstatic.ru/keywords/amortizator/amortizatorjpg,Амортизатор воздушного фильтра Камаз-6522 (НПО РОСТАР),https://sxstatic.ru/main/img/good/s/photosession.jpg, 6520-1109382, 001323075,Rostar,нет в наличии,
КамАЗ,/catalog/kamaz,Амортизатор,/catalog/kamaz/amortizator,https://sxstatic.ru/keywords/amortizator/amortizatorjpg,Амортизатор сиденья водителя регулируемый 1094942/1060427 (Grammer),https://sxstatic.ru/images/s/000069749/000069749_1-116.jpg, 1094942, 000069749,Grammer,нет в наличии,
КамАЗ,/catalog/kamaz,Амортизатор,/catalog/kamaz/amortizator,https://sxstatic.ru/keywords/amortizator/amortizatorjpg,Амортизатор КАМАЗ (Балаковорезинотехника),https://sxstatic.ru/main/img/good/s/photosession.jpg, 5320-1109399, 000732131,Камаз,нет в наличии,
КамАЗ,/catalog/kamaz,Бак,/catalog/kamaz/bak,https://sxstatic.ru/keywords/bak/bak.jpg,"Бак топливный КАМАЗ (250 л) 1360*400*490 (комплект установки) с низкой горловиной, с полуоборотной крышкой (ООО КМЗ)",https://sxstatic.ru/images/s/000826563/000826563_1-116.jpg, КМЗ4049-1101250-001СБ, 000826563,КМЗ,11 шт,15 360
КамАЗ,/catalog/kamaz,Бак,/catalog/kamaz/bak,https://sxstatic.ru/keywords/bak/bak.jpg,Бак топливный КАМАЗ 250л 1360*400*490 (голый) с низкой горловиной с полуоборотной крышкой (ООО КМЗ),https://sxstatic.ru/images/s/000826565/000826565_1-116.jpg, КМЗ4049-1101250-001, 000826565,КМЗ,10 шт,10 980
КамАЗ,/catalog/kamaz,Бак,/catalog/kamaz/bak,https://sxstatic.ru/keywords/bak/bak.jpg,Бак топливный Камаз (210 л) 750*530*650 (голый) с низкой горловиной с полуоборотной крышкой (ООО КМЗ),https://sxstatic.ru/main/img/good/s/photosession.jpg, КМЗ5365-1101210-001, 000845596,КМЗ,3 шт,10 040
КамАЗ,/catalog/kamaz,Бак,/catalog/kamaz/bak,https://sxstatic.ru/keywords/bak/bak.jpg,Бак масляный КАМАЗ подъема кузова в сборе (49 л) 390x280x460 (БАКОР),https://sxstatic.ru/images/s/000012060/000012060_1-116.jpg, Б5511-8608010К1, 000012060,Бакор,3 шт,12 355
КамАЗ,/catalog/kamaz,Бак,/catalog/kamaz/bak,https://sxstatic.ru/keywords/bak/bak.jpg,"Бак топливный 175л ЗИЛ-130, 433360, 494560 315х605х950 (БАКОР)",https://sxstatic.ru/images/s/V00015300/V00015300_1-116.jpg, Б130-1101008, В00015300,Бакор,3 шт,19 000
КамАЗ,/catalog/kamaz,Бак,/catalog/kamaz/bak,https://sxstatic.ru/keywords/bak/bak.jpg,Бак топливный УАЗ-469 (39 л) 220х210х930 левый Б469-1101009-11 (БАКОР),https://sxstatic.ru/main/img/good/s/photosession.jpg, 31512-1101009-03, 000014510,Бакор,2 шт,7 052
КамАЗ,/catalog/kamaz,Бак,/catalog/kamaz/bak,https://sxstatic.ru/keywords/bak/bak.jpg,Бак топливный Камаз (350 л) 1050*540*640 (комплект установочный ЕВРО) с низкой горловиной с полуоборотной крышкой (ООО КМЗ),https://sxstatic.ru/main/img/good/s/photosession.jpg, КМЗ5464-1101350-004, 000832747,КМЗ,2 шт,19 830
КамАЗ,/catalog/kamaz,Бак,/catalog/kamaz/bak,https://sxstatic.ru/keywords/bak/bak.jpg,Бак топливный Камаз 500 л (разнесенный топливозаборник) комплект (ПАО Камаз),https://sxstatic.ru/main/img/good/s/photosession.jpg, 53215-1100009-24, 000755847,Камаз,2 шт,42 620
КамАЗ,/catalog/kamaz,Бак,/catalog/kamaz/bak,https://sxstatic.ru/keywords/bak/bak.jpg,Бак топливный Камаз 350 л (совмещенный топливозаборник) комплект (ПАО Камаз),https://sxstatic.ru/images/s/000755914/000755914_1-116.jpg, 53215-1100009-15, 000755914,Камаз,2 шт,34 140
КамАЗ,/catalog/kamaz,Бак,/catalog/kamaz/bak,https://sxstatic.ru/keywords/bak/bak.jpg,Бак топливный КАМАЗ 350л 650*530*1150 (голый) (БАКОР),https://sxstatic.ru/images/s/000025341/000025341_1-116.jpg, Б53215-1101010-12, 000025341,Бакор,2 шт,12 744
КамАЗ,/catalog/kamaz,Бак,/catalog/kamaz/bak,https://sxstatic.ru/keywords/bak/bak.jpg,Бак топливный Камаз (350 л) 1150х530х650 (голый) с низкой горловиной с полуоборотной крышкой (ООО КМЗ),https://sxstatic.ru/images/s/000845597/000845597_1-116.jpg, КМЗ5365-1101350-001, 000845597,КМЗ,2 шт,12 900
КамАЗ,/catalog/kamaz,Бак,/catalog/kamaz/bak,https://sxstatic.ru/keywords/bak/bak.jpg,"Бак топливный УАЗ-469 (39 л) 220х210х930 правый, крупная резьба Б469-1101008-11 (БАКОР)",https://sxstatic.ru/images/s/000014511/000014511_1-116.jpg, 31512-1101008-03, 000014511,Бакор,2 шт,7 052
КамАЗ,/catalog/kamaz,Бак,/catalog/kamaz/bak,https://sxstatic.ru/keywords/bak/bak.jpg,Бак топливный КАМАЗ 350л с полуоборотной крышкой 650*530*1150 (комплект с установкой) (БАКОР),https://sxstatic.ru/images/s/000020911/000020911_1-116.jpg, Б53215-1101010-12К1, 000020911,Бакор,1 шт,17 205
КамАЗ,/catalog/kamaz,Бак,/catalog/kamaz/bak,https://sxstatic.ru/keywords/bak/bak.jpg,Бак топливный Камаз (125 л) 710*400*490 (голый) с низкой горловиной с полуоборотной крышкой (ООО КМЗ),https://sxstatic.ru/main/img/good/s/photosession.jpg, КМЗ4049-1101125-001, 000832596,КМЗ,1 шт,8 445
КамАЗ,/catalog/kamaz,Бак,/catalog/kamaz/bak,https://sxstatic.ru/keywords/bak/bak.jpg,"Бак топливный Камаз (250 л) 750*540*640 (комплект установочный) с низкой горловиной, с полуоборотной крышкой (ООО КМЗ)",https://sxstatic.ru/images/s/000832617/000832617_1-116.jpg, КМЗ5464-1101250-001, 000832617,КМЗ,1 шт,16 140
КамАЗ,/catalog/kamaz,Бак,/catalog/kamaz/bak,https://sxstatic.ru/keywords/bak/bak.jpg,"Бак топливный Камаз (210 л) 1160*400*490 (комплект установочный) с низкой горловиной, с полуоборотной крышкой (ООО КМЗ)",https://sxstatic.ru/images/s/000832622/000832622_1-116.jpg, КМЗ4049-1101210-001СБ, 000832622,КМЗ,1 шт,14 480
КамАЗ,/catalog/kamaz,Бак,/catalog/kamaz/bak,https://sxstatic.ru/keywords/bak/bak.jpg,"Бак топливный Камаз (250 л) 1360*400*490 (комплект установочный, ЕВРО) с низкой горловиной с полуоборотной крышкой (ООО КМЗ)",https://sxstatic.ru/main/img/good/s/photosession.jpg, КМЗ4049-1101250-004СБ, 000832638,КМЗ,1 шт,17 620
КамАЗ,/catalog/kamaz,Бак,/catalog/kamaz/bak,https://sxstatic.ru/keywords/bak/bak.jpg,"Бак топливный Камаз (500 л) 1500*540*640 (комплект установочный) с низкой горловиной, с полуоборотной крышкой (ООО КМЗ)",https://sxstatic.ru/images/s/000832570/000832570_1-116.jpg, КМЗ5464-1101500-001, 000832570,КМЗ,1 шт,23 600
КамАЗ,/catalog/kamaz,Бак,/catalog/kamaz/bak,https://sxstatic.ru/keywords/bak/bak.jpg,"Бак топливный Камаз (350 л) 1050*540*640 (комплект  установочный) с низкой горловиной, с полуоборотной крышкой (ООО КМЗ)",https://sxstatic.ru/images/s/000826568/000826568_1-116.jpg, КМЗ5464-1101350-001, 000826568,КМЗ,1 шт,17 570
КамАЗ,/catalog/kamaz,Бак,/catalog/kamaz/bak,https://sxstatic.ru/keywords/bak/bak.jpg,"Бак топливный Камаз (500 л) 1630*530*650 (комплект установочный, ЕВРО) с низкой горловиной с полуоборотной крышкой (ООО КМЗ)",https://sxstatic.ru/images/s/001052282/001052282_1-116.jpg, КМЗ353-1101010, 001052282,КМЗ,1 шт,25 590
КамАЗ,/catalog/kamaz,Бак,/catalog/kamaz/bak,https://sxstatic.ru/keywords/bak/bak.jpg,Бак топливный Камаз (250 л) (ПАО Камаз),https://sxstatic.ru/images/s/000012204/000012204_1-116.jpg, 5320-1101010-12, 000012204,Камаз,1 шт,13 830
КамАЗ,/catalog/kamaz,Бак,/catalog/kamaz/bak,https://sxstatic.ru/keywords/bak/bak.jpg,"Бак топливный Камаз (350 л) 1150*530*650 (голый, ЕВРО) с низкой горловиной с полуоборотной крышкой (ООО КМЗ)",https://sxstatic.ru/images/s/000845608/000845608_1-116.jpg, КМЗ5365-1101350-004, 000845608,КМЗ,1 шт,12 900
КамАЗ,/catalog/kamaz,Бак,/catalog/kamaz/bak,https://sxstatic.ru/keywords/bak/bak.jpg,"Бак топливный отопителя 7,5 л Планар в сборе БТ7-Ш 290 (Адверс)",https://sxstatic.ru/main/img/good/s/photosession.jpg, сб.-290, 000428565,Адверс,1 шт,2 820
КамАЗ,/catalog/kamaz,Бак,/catalog/kamaz/bak,https://sxstatic.ru/keywords/bak/bak.jpg,Бак топливный Камаз (350 л) 1050*540*640 (голый) с низкой горловиной с полуоборотной крышкой (ООО КМЗ),https://sxstatic.ru/images/s/000826566/000826566_1-116.jpg, КМЗ5464-1101350-001, 000826566,КМЗ,1 шт,12 900
КамАЗ,/catalog/kamaz,Бак,/catalog/kamaz/bak,https://sxstatic.ru/keywords/bak/bak.jpg,"Бак топливный Камаз (250 л) 750*540*640 (комплект установочный, ЕВРО) с низкой горловиной с полуоборотной крышкой (ООО КМЗ)",https://sxstatic.ru/images/s/000832639/000832639_1-116.jpg, КМЗ5464-1101250-004СБ, 000832639,КМЗ,нет в наличии,
КамАЗ,/catalog/kamaz,Балка,/catalog/kamaz/balka,https://sxstatic.ru/keywords/balka/balka.jpg,Балка оси передней КАМАЗ (ПАО КАМАЗ),https://sxstatic.ru/images/s/000002398/000002398_1-116.jpg, 5320-3001010-01, 000002398,Камаз,10 шт,67 860
КамАЗ,/catalog/kamaz,Балка,/catalog/kamaz/balka,https://sxstatic.ru/keywords/balka/balka.jpg,Балка оси передней КАМАЗ-6520 (ПАО КАМАЗ),https://sxstatic.ru/images/s/000024094/000024094_1-116.jpg, 6520-3001010, 000024094,Камаз,2 шт,61 370
КамАЗ,/catalog/kamaz,Балка,/catalog/kamaz/balka,https://sxstatic.ru/keywords/balka/balka.jpg,Балка КАМАЗ подвески раздаточной коробки (ПАО КАМАЗ),https://sxstatic.ru/images/s/JU00007393/JU00007393_1-116.jpg, 43114-1801023-10, Ю00007393,Камаз,1 шт,7 280
КамАЗ,/catalog/kamaz,Балка,/catalog/kamaz/balka,https://sxstatic.ru/keywords/balka/balka.jpg,Балка оси передней КАМАЗ (ПАО КАМАЗ),https://sxstatic.ru/images/s/000026594/000026594_1-116.jpg, 53205-3001010-10, 000026594,Камаз,1 шт,40 250
КамАЗ,/catalog/kamaz,Балка,/catalog/kamaz/balka,https://sxstatic.ru/keywords/balka/balka.jpg,"Балка оси НЕФАЗ-9334, 96742 полуприцепа 2-х скатная передняя (d-146мм)",https://sxstatic.ru/main/img/good/s/photosession.jpg, 96741-2410111-20, 001018528,НЕФАЗ,нет в наличии,
КамАЗ,/catalog/kamaz,Балка,/catalog/kamaz/balka,https://sxstatic.ru/keywords/balka/balka.jpg,Балка опоры поддерживающей КАМАЗ (ПАО КАМАЗ),https://sxstatic.ru/main/img/good/s/photosession.jpg, 6460-1001171-24, 000043714,Камаз,нет в наличии,
КамАЗ,/catalog/kamaz,Балка,/catalog/kamaz/balka,https://sxstatic.ru/keywords/balka/balka.jpg,Балка MADARA,https://sxstatic.ru/main/img/good/s/photosession.jpg, 321-01.00.00, Ю00006407,MADARA group,нет в наличии,
КамАЗ,/catalog/kamaz,Балка,/catalog/kamaz/balka,https://sxstatic.ru/keywords/balka/balka.jpg,Балка опоры поддерживающей КАМАЗ (ПАО КАМАЗ),https://sxstatic.ru/main/img/good/s/photosession.jpg, 6520-1001171-20, В00004691,Камаз,нет в наличии,
КамАЗ,/catalog/kamaz,Балка,/catalog/kamaz/balka,https://sxstatic.ru/keywords/balka/balka.jpg,Балка КАМАЗ (ПАО КАМАЗ),https://sxstatic.ru/main/img/good/s/photosession.jpg, 5320-8501125, Ю00006229,Камаз,нет в наличии,
КамАЗ,/catalog/kamaz,Балка,/catalog/kamaz/balka,https://sxstatic.ru/keywords/balka/balka.jpg,Балка опоры поддерживающей КАМАЗ (ПАО КАМАЗ),https://sxstatic.ru/main/img/good/s/photosession.jpg, 6520-1001171-40, 000032604,Камаз,нет в наличии,
КамАЗ,/catalog/kamaz,Балка,/catalog/kamaz/balka,https://sxstatic.ru/keywords/balka/balka.jpg,Балка опоры поддерживающей КАМАЗ (ПАО КАМАЗ),https://sxstatic.ru/main/img/good/s/photosession.jpg, 65115-1001171, Ю00006078,Камаз,нет в наличии,
КамАЗ,/catalog/kamaz,Балка,/catalog/kamaz/balka,https://sxstatic.ru/keywords/balka/balka.jpg,Балка КАМАЗ в сборе (ПАО КАМАЗ),https://sxstatic.ru/main/img/good/s/photosession.jpg, 53212-8501130, Ю00004856,Камаз,нет в наличии,
КамАЗ,/catalog/kamaz,Балка,/catalog/kamaz/balka,https://sxstatic.ru/keywords/balka/balka.jpg,Балка Камаз (ПАО Камаз),https://sxstatic.ru/main/img/good/s/photosession.jpg, 4308-3001010, В00009886,Камаз,нет в наличии,
КамАЗ,/catalog/kamaz,Балка,/catalog/kamaz/balka,https://sxstatic.ru/keywords/balka/balka.jpg,Балка поперечины КАМАЗ (ПАО КАМАЗ),https://sxstatic.ru/images/s/000867006/000867006_1-116.jpg, 65115-2801100-56, 000867006,Камаз,нет в наличии,
КамАЗ,/catalog/kamaz,Балка,/catalog/kamaz/balka,https://sxstatic.ru/keywords/balka/balka.jpg,Балка буксирной поперечины КАМАЗ (ПАО КАМАЗ),https://sxstatic.ru/main/img/good/s/photosession.jpg, 6460-2801100-20, 000098562,Камаз,нет в наличии,
КамАЗ,/catalog/kamaz,Балка,/catalog/kamaz/balka,https://sxstatic.ru/keywords/balka/balka.jpg,Балка поперечины КАМАЗ (ПАО КАМАЗ),https://sxstatic.ru/main/img/good/s/photosession.jpg, 5460-2801091-55, 000826814,Камаз,нет в наличии,
КамАЗ,/catalog/kamaz,Балка,/catalog/kamaz/balka,https://sxstatic.ru/keywords/balka/balka.jpg,Балка КАМАЗ (ПАО КАМАЗ),https://sxstatic.ru/main/img/good/s/photosession.jpg, 65115-2801100-55, 000425620,Камаз,нет в наличии,
КамАЗ,/catalog/kamaz,Балка,/catalog/kamaz/balka,https://sxstatic.ru/keywords/balka/balka.jpg,Балка буксирной поперечины КАМАЗ (ПАО КАМАЗ),https://sxstatic.ru/main/img/good/s/photosession.jpg, 65115-2801100-20, В00004690,Камаз,нет в наличии,
КамАЗ,/catalog/kamaz,Балка,/catalog/kamaz/balka,https://sxstatic.ru/keywords/balka/balka.jpg,Балка НЕФАЗ (ПАО КАМАЗ),https://sxstatic.ru/main/img/good/s/photosession.jpg, 5262-3001010, 000098576,Камаз,нет в наличии,
КамАЗ,/catalog/kamaz,Балка,/catalog/kamaz/balka,https://sxstatic.ru/keywords/balka/balka.jpg,Балка КАМАЗ поперечная (ПАО КАМАЗ),https://sxstatic.ru/main/img/good/s/photosession.jpg, 53212-8501160, Ю00007489,Камаз,нет в наличии,
КамАЗ,/catalog/kamaz,Балка,/catalog/kamaz/balka,https://sxstatic.ru/keywords/balka/balka.jpg,Балка КАМАЗ поперечная (ПАО КАМАЗ),https://sxstatic.ru/main/img/good/s/photosession.jpg, 5320-8501150, Ю00007482,Камаз,нет в наличии,
КамАЗ,/catalog/kamaz,Балка,/catalog/kamaz/balka,https://sxstatic.ru/keywords/balka/balka.jpg,Балка подвески КАМАЗ (ПАО КАМАЗ),https://sxstatic.ru/images/s/000024794/000024794_1-116.jpg, 4310-1801023, 000024794,Камаз,нет в наличии,
КамАЗ,/catalog/kamaz,Балка,/catalog/kamaz/balka,https://sxstatic.ru/keywords/balka/balka.jpg,Балка оси НЕФАЗ-9334 полуприцепа задняя,https://sxstatic.ru/main/img/good/s/photosession.jpg, 9334-08-2410010, В00008610,НЕФАЗ,нет в наличии,
КамАЗ,/catalog/kamaz,Балка,/catalog/kamaz/balka,https://sxstatic.ru/keywords/balka/balka.jpg,Балка опоры поддерживающей КАМАЗ (ПАО КАМАЗ),https://sxstatic.ru/main/img/good/s/photosession.jpg, 5320-1001171, 000015091,Камаз,нет в наличии,
КамАЗ,/catalog/kamaz,Баллон (ресивер),/catalog/kamaz/ballon-resiver,https://sxstatic.ru/keywords/ballon-resiver/ballonresiverjpg,Баллон воздушный Камаз ресивер (ПАО Камаз),https://sxstatic.ru/images/s/000022730/000022730_1-116.jpg, 53205-3513015, 000022730,Камаз,103 шт,5 795
КамАЗ,/catalog/kamaz,Баллон (ресивер),/catalog/kamaz/ballon-resiver,https://sxstatic.ru/keywords/ballon-resiver/ballonresiverjpg,Баллон воздушный Камаз (ресивер) в сборе (КЗТАА),https://sxstatic.ru/images/s/000001138/000001138_1-116.jpg, 5320-3513014, 000001138,Камаз,32 шт,2 320
КамАЗ,/catalog/kamaz,Баллон (ресивер),/catalog/kamaz/ballon-resiver,https://sxstatic.ru/keywords/ballon-resiver/ballonresiverjpg,Ресивер (баллон воздушный) Камаз 105.069.17.000-07 (ТАиМ),https://sxstatic.ru/images/s/V00012666/V00012666_1-116.jpg, 5320-3513014, В00012666,ТАиМ,нет в наличии,
КамАЗ,/catalog/kamaz,Барабан,/catalog/kamaz/baraban,https://sxstatic.ru/keywords/baraban/bapaban.jpg,Барабан тормозной Камаз-65115 (ПАО Камаз),https://sxstatic.ru/images/s/000008795/000008795_1-116.jpg, 53205-3501070, 000008795,Камаз,382 шт,16 890
КамАЗ,/catalog/kamaz,Барабан,/catalog/kamaz/baraban,https://sxstatic.ru/keywords/baraban/bapaban.jpg,Барабан тормозной Камаз (ПАО Камаз),https://sxstatic.ru/images/s/000001106/000001106_1-116.jpg, 5511-3501070, 000001106,Камаз,77 шт,10 483
КамАЗ,/catalog/kamaz,Барабан,/catalog/kamaz/baraban,https://sxstatic.ru/keywords/baraban/bapaban.jpg,Барабан тормозной Камаз-6520 (ПАО Камаз),https://sxstatic.ru/images/s/000017031/000017031_1-116.jpg, 6520-3501070, 000017031,Камаз,30 шт,15 190
КамАЗ,/catalog/kamaz,Барабан,/catalog/kamaz/baraban,https://sxstatic.ru/keywords/baraban/bapaban.jpg,Барабан тормозной А3201 12т высокий,https://sxstatic.ru/main/img/good/s/photosession.jpg, А3201, 000046884,Камаз,8 шт,10 255
КамАЗ,/catalog/kamaz,Барабан,/catalog/kamaz/baraban,https://sxstatic.ru/keywords/baraban/bapaban.jpg,Барабан тормозной Камаз задний 3400102411/9932 (MADARA),https://sxstatic.ru/main/img/good/s/photosession.jpg, 3400102411, 000032486,MADARA group,нет в наличии,
КамАЗ,/catalog/kamaz,Барабан,/catalog/kamaz/baraban,https://sxstatic.ru/keywords/baraban/bapaban.jpg,"Барабан прицепа/полуприцепа НЕФАЗ-93341, 9509",https://sxstatic.ru/main/img/good/s/photosession.jpg, 9693-3501070, 000047947,MADARA group,нет в наличии,
КамАЗ,/catalog/kamaz,Барабан,/catalog/kamaz/baraban,https://sxstatic.ru/keywords/baraban/bapaban.jpg,"Барабан тормозной Камаз средний, задний 3400122411/9928 (MADARA)",https://sxstatic.ru/images/s/000031727/000031727_1-116.jpg, 3400122411, 000031727,Чайковский завод РТД,нет в наличии,
КамАЗ,/catalog/kamaz,Барабан,/catalog/kamaz/baraban,https://sxstatic.ru/keywords/baraban/bapaban.jpg,Барабан тормозной Камаз передний 3400112411/9931 (MADARA),https://sxstatic.ru/main/img/good/s/photosession.jpg, 3400112411, 000043000,MADARA group,нет в наличии,
КамАЗ,/catalog/kamaz,Барабан,/catalog/kamaz/baraban,https://sxstatic.ru/keywords/baraban/bapaban.jpg,Барабан тормозной Камаз-4310 (ПАО Камаз),https://sxstatic.ru/images/s/000009697/000009697_1-116.jpg, 4310-3501070, 000009697,Камаз,нет в наличии,
КамАЗ,/catalog/kamaz,Бачок,/catalog/kamaz/bachok,https://sxstatic.ru/keywords/bachok/bachok.jpg,Бачок расширительный КАМАЗ усиленный пластик (МАПРА),https://sxstatic.ru/images/s/000059187/000059187_1-116.jpg, 5320-1311010-30, 000059187,Мапра,232 шт,646
КамАЗ,/catalog/kamaz,Бачок,/catalog/kamaz/bachok,https://sxstatic.ru/keywords/bachok/bachok.jpg,Бачок расширительный КАМАЗ 6520 пластиковый голый (МАПРА),https://sxstatic.ru/main/img/good/s/photosession.jpg, 6520-1311010, В00004854,Мапра,142 шт,1 823
КамАЗ,/catalog/kamaz,Бачок,/catalog/kamaz/bachok,https://sxstatic.ru/keywords/bachok/bachok.jpg,Бачок расширительный КАМАЗ пластиковый голый,https://sxstatic.ru/images/s/000006882/000006882_1-116.jpg, 5320-1311010-30, 000006882,Мапра,59 шт,340
КамАЗ,/catalog/kamaz,Бачок,/catalog/kamaz/bachok,https://sxstatic.ru/keywords/bachok/bachok.jpg,"Бачок расширительный КАМАЗ-4308,43085 дв.CUMMINS пластик (МАПРА)",https://sxstatic.ru/images/s/000069278/000069278_1-116.jpg, 43085-1311010, 000069278,Мапра,54 шт,1 650
КамАЗ,/catalog/kamaz,Бачок,/catalog/kamaz/bachok,https://sxstatic.ru/keywords/bachok/bachok.jpg,"Бачок омывателя ГАЗ, Камаз 1,8 л под 1 мотор 11.5208010",https://sxstatic.ru/images/s/000037972/000037972_1-116.jpg, 11-5208200-01, 000037972,Россия,45 шт,173
КамАЗ,/catalog/kamaz,Бачок,/catalog/kamaz/bachok,https://sxstatic.ru/keywords/bachok/bachok.jpg,Бачок омывателя Камаз ЕВРО-4 7 л в сборе (рестайлинг) 21-297 (ПК ТЕХНОТРОН),https://sxstatic.ru/images/s/000394159/000394159_1-116.jpg, 21-297, 000394159,TEHNOTRON,16 шт,8 355
КамАЗ,/catalog/kamaz,Бачок,/catalog/kamaz/bachok,https://sxstatic.ru/keywords/bachok/bachok.jpg,Бачок расширительный КАМАЗ пластиковый с кронштейном,https://sxstatic.ru/images/s/000008564/000008564_1-116.jpg, 5320-1311010-30, 000008564,TEHNOTRON,16 шт,813
КамАЗ,/catalog/kamaz,Бачок,/catalog/kamaz/bachok,https://sxstatic.ru/keywords/bachok/bachok.jpg,Бачок главного цилиндра сцепления (ГЦС) Камаз,https://sxstatic.ru/images/s/000010840/000010840_1-116.jpg, 5320-1602560, 000010840,TEHNOTRON,15 шт,83
КамАЗ,/catalog/kamaz,Бачок,/catalog/kamaz/bachok,https://sxstatic.ru/keywords/bachok/bachok.jpg,Бачок расширительный КАМАЗ пластиковый с кронштейном (МАПРА),https://sxstatic.ru/images/s/V00004855/V00004855_1-116.jpg, 6520-1311010-01, В00004855,Мапра,13 шт,2 140
КамАЗ,/catalog/kamaz,Бачок,/catalog/kamaz/bachok,https://sxstatic.ru/keywords/bachok/bachok.jpg,"Бачок расширительный Камаз-4308, 43085 (ШААЗ)",https://sxstatic.ru/main/img/good/s/photosession.jpg, 4308-1311010, 000030380,ШААЗ,нет в наличии,
КамАЗ,/catalog/kamaz,Бачок,/catalog/kamaz/bachok,https://sxstatic.ru/keywords/bachok/bachok.jpg,Бачок топливный КАМАЗ (ПАО КАМАЗ),https://sxstatic.ru/main/img/good/s/photosession.jpg, 53205-8106264-10, 000201921,Камаз,нет в наличии,
КамАЗ,/catalog/kamaz,Бачок,/catalog/kamaz/bachok,https://sxstatic.ru/keywords/bachok/bachok.jpg,Бачок топливный КАМАЗ (15.8106-01) (ПАО КАМАЗ),https://sxstatic.ru/images/s/000014919/000014919_1-116.jpg, 53205-8106262, 000014919,Камаз,нет в наличии,
КамАЗ,/catalog/kamaz,Бачок,/catalog/kamaz/bachok,https://sxstatic.ru/keywords/bachok/bachok.jpg,Бачок топливный КАМАЗ (для ПЖД30) (ПАО КАМАЗ),https://sxstatic.ru/images/s/000014945/000014945_1-116.jpg, 5320-1015262, 000014945,Камаз,нет в наличии,
